URL origen,URL destino,Código propuesto,Motivo
"https://bringasinsurance.com/motorcycle-insurance-in-seattle-washington/","https://bringasinsurance.com/motorcycle-insurance","301/308 propuesto","Reemplazo semántico potencial; validar antes de implementar."
"https://bringasinsurance.com/seguros-para-autos-en-seattle-washington/","https://bringasinsurance.com/auto-insurance","301/308 propuesto","Reemplazo semántico potencial; validar antes de implementar."
"https://bringasinsurance.com/personal-umbrella-in-seattle-washington/","https://bringasinsurance.com/personal-umbrella","301/308 propuesto","Reemplazo semántico potencial; validar antes de implementar."
"https://bringasinsurance.com/commercial-property-insurance-in-seattle-washington/","https://bringasinsurance.com/commercial-property","301/308 propuesto","Reemplazo semántico potencial; validar antes de implementar."
"https://bringasinsurance.com/business-owners-insurance-in-seattle-washington/","https://bringasinsurance.com/bop-insurance","301/308 propuesto","Reemplazo semántico potencial; validar antes de implementar."
"https://bringasinsurance.com/payments","https://bringasinsurance.com/pay-my-bill","301/308 propuesto","Reemplazo semántico potencial; validar antes de implementar."
"https://bringasinsurance.com/building-insurance-in-seattle-washington/","https://bringasinsurance.com/building-owners","301/308 propuesto","Reemplazo semántico potencial; validar antes de implementar."
"https://bringasinsurance.com/contractors-insurance-in-seattle-washington/","https://bringasinsurance.com/contractors-insurance","301/308 propuesto","Reemplazo semántico potencial; validar antes de implementar."
"https://bringasinsurance.com/car-insurance-in-seattle-washington/","https://bringasinsurance.com/auto-insurance","301/308 propuesto","Reemplazo semántico potencial; validar antes de implementar."
"https://bringasinsurance.com/seguros-para-propiedad-comercial-en-seattle-washington/","https://bringasinsurance.com/commercial-property","301/308 propuesto","Reemplazo semántico potencial; validar antes de implementar."
"https://bringasinsurance.com/life-insurance-in-seattle-washington/","https://bringasinsurance.com/life-insurance","301/308 propuesto","Reemplazo semántico potencial; validar antes de implementar."
"https://bringasinsurance.com/fianzas-para-seguros-en-seattle-washington/","https://bringasinsurance.com/bonds-surety","301/308 propuesto","Reemplazo semántico potencial; validar antes de implementar."
"https://bringasinsurance.com/boat-insurance-in-seattle-washington/","https://bringasinsurance.com/boat-insurance","301/308 propuesto","Reemplazo semántico potencial; validar antes de implementar."
"https://bringasinsurance.com/contacto/?lang=es","https://bringasinsurance.com/contact","301/308 propuesto","Reemplazo semántico potencial; validar antes de implementar."
"https://bringasinsurance.com/es/contacto/?lang=es","https://bringasinsurance.com/contact","301/308 propuesto","Reemplazo semántico potencial; validar antes de implementar."
"https://bringasinsurance.com/seguros-para-restaurantes-en-seattle-washington/","https://bringasinsurance.com/restaurant-insurance","301/308 propuesto","Reemplazo semántico potencial; validar antes de implementar."
"https://bringasinsurance.com/seguros-para-inquilinos-en-seattle-washington/","https://bringasinsurance.com/renters-insurance","301/308 propuesto","Reemplazo semántico potencial; validar antes de implementar."
"https://bringasinsurance.com/recreational-vehicle-insurance/","https://bringasinsurance.com/rv-insurance","301/308 propuesto","Reemplazo semántico potencial; validar antes de implementar."
"https://bringasinsurance.com/commercial-auto-insurance-in-seattle-washington/","https://bringasinsurance.com/commercial-auto","301/308 propuesto","Reemplazo semántico potencial; validar antes de implementar."
"https://bringasinsurance.com/seguro-para-casas-prefabricadas/?lang=es","https://bringasinsurance.com/mobile-home-insurance","301/308 propuesto","Reemplazo semántico potencial; validar antes de implementar."
"https://bringasinsurance.com/fianzas-para-seguros-en-seattle-washington/?lang=es","https://bringasinsurance.com/bonds-surety","301/308 propuesto","Reemplazo semántico potencial; validar antes de implementar."
"https://bringasinsurance.com/seguros-de-hogar-en-seattle-washington/","https://bringasinsurance.com/home-insurance","301/308 propuesto","Reemplazo semántico potencial; validar antes de implementar."
"https://bringasinsurance.com/seguros-de-responsabilidad-general-en-seattle-washington/","https://bringasinsurance.com/general-liability","301/308 propuesto","Reemplazo semántico potencial; validar antes de implementar."
"https://bringasinsurance.com/seguros-para-motocicleta-en-seattle-washington/","https://bringasinsurance.com/motorcycle-insurance","301/308 propuesto","Reemplazo semántico potencial; validar antes de implementar."
"https://bringasinsurance.com/seguros-para-propietarios-de-edificios-en-seattle-washington/","https://bringasinsurance.com/building-owners","301/308 propuesto","Reemplazo semántico potencial; validar antes de implementar."
"https://bringasinsurance.com/contacto/","https://bringasinsurance.com/contact","301/308 propuesto","Reemplazo semántico potencial; validar antes de implementar."
"https://bringasinsurance.com/pagos/?lang=es","https://bringasinsurance.com/pay-my-bill","301/308 propuesto","Reemplazo semántico potencial; validar antes de implementar."
"https://bringasinsurance.com/seguros-de-vida-en-seattle-washington/","https://bringasinsurance.com/life-insurance","301/308 propuesto","Reemplazo semántico potencial; validar antes de implementar."
"https://bringasinsurance.com/agentes-de-seguros-en-seattle-washington/","https://bringasinsurance.com/about","301/308 propuesto","Reemplazo semántico potencial; validar antes de implementar."
"https://bringasinsurance.com/restaurant-insurance-in-seattle-washington/","https://bringasinsurance.com/restaurant-insurance","301/308 propuesto","Reemplazo semántico potencial; validar antes de implementar."
"https://bringasinsurance.com/renters-insurance-in-seattle-washington/","https://bringasinsurance.com/renters-insurance","301/308 propuesto","Reemplazo semántico potencial; validar antes de implementar."
"https://bringasinsurance.com/general-insurance-in-seattle-washington/","https://bringasinsurance.com/general-liability","301/308 propuesto","Reemplazo semántico potencial; validar antes de implementar."
"https://bringasinsurance.com/recreational-vehicle-insurance-in-seattle-washington/","https://bringasinsurance.com/rv-insurance","301/308 propuesto","Reemplazo semántico potencial; validar antes de implementar."
"https://bringasinsurance.com/payments/","https://bringasinsurance.com/pay-my-bill","301/308 propuesto","Reemplazo semántico potencial; validar antes de implementar."
